{
  "train_loss": [
    1.2930870242416859
  ],
  "val_loss": [
    1.2455424200743437
  ]
}